{
  "01.jpg": [
    [
      865.6471861471861,
      253.62454212454213
    ],
    [
      862.7594072594073,
      295.4973359973361
    ],
    [
      856.9838494838494,
      357.58458208458217
    ],
    [
      854.0960705960705,
      383.57459207459215
    ],
    [
      927.7344322344321,
      314.2678987678988
    ],
    [
      927.7344322344321,
      441.3301698301699
    ]
  ],
  "02.jpg": [
    [
      848.3205128205128,
      262.28787878787887
    ],
    [
      842.5449550449551,
      305.6045621045622
    ],
    [
      836.7693972693972,
      369.13569763569774
    ],
    [
      835.3255078255078,
      395.1257076257077
    ],
    [
      919.0710955710955,
      295.4973359973361
    ],
    [
      910.4077589077589,
      422.55960705960706
    ]
  ],
  "03.jpg": [
    [
      774.6821511821512,
      247.84898434898446
    ],
    [
      771.7943722943722,
      291.1656676656677
    ],
    [
      773.2382617382617,
      359.02847152847164
    ],
    [
      770.3504828504828,
      385.0184815184816
    ],
    [
      956.6122211122212,
      299.8290043290044
    ],
    [
      952.2805527805527,
      429.7790542790543
    ]
  ],
  "04.jpg": [
    [
      919.0710955710955,
      315.7117882117883
    ],
    [
      919.0710955710955,
      356.1406926406927
    ],
    [
      926.2905427905429,
      421.1157176157177
    ],
    [
      927.7344322344321,
      445.6618381618382
    ],
    [
      1011.4800199800201,
      304.16067266067273
    ],
    [
      999.9289044289045,
      426.8912753912755
    ]
  ],
  "05.jpg": [
    [
      908.9638694638694,
      535.1829836829837
    ],
    [
      908.9638694638694,
      575.6118881118882
    ],
    [
      908.9638694638694,
      639.1430236430236
    ],
    [
      907.5199800199799,
      663.6891441891443
    ],
    [
      958.0561105561106,
      546.7340992340993
    ],
    [
      945.0611055611056,
      669.464701964702
    ]
  ],
  "06.jpg": [
    [
      852.6521811521812,
      577.0557775557776
    ],
    [
      849.7644022644023,
      620.3724608724609
    ],
    [
      845.4327339327339,
      688.2352647352648
    ],
    [
      842.5449550449551,
      714.2252747252747
    ],
    [
      793.4527139527139,
      631.9235764235765
    ],
    [
      787.6771561771562,
      758.9858474858476
    ]
  ],
  "07.jpg": [
    [
      988.3777888777889,
      348.92124542124543
    ],
    [
      997.0411255411256,
      387.90626040626046
    ],
    [
      1017.2555777555777,
      449.9935064935065
    ],
    [
      1023.0311355311354,
      475.9835164835165
    ],
    [
      1062.0161505161504,
      265.1756576756577
    ],
    [
      1070.6794871794873,
      387.90626040626046
    ]
  ],
  "08.jpg": [
    [
      942.1733266733266,
      324.3751248751249
    ],
    [
      952.2805527805527,
      363.36013986013995
    ],
    [
      968.1633366633367,
      424.00349650349654
    ],
    [
      975.3827838827839,
      447.1057276057277
    ],
    [
      1044.6894771894772,
      268.06343656343665
    ],
    [
      1049.0211455211456,
      386.462370962371
    ]
  ],
  "09.jpg": [
    [
      640.400432900433,
      328.70679320679324
    ],
    [
      649.0637695637696,
      367.69180819180826
    ],
    [
      664.9465534465534,
      429.7790542790543
    ],
    [
      669.2782217782218,
      452.88128538128547
    ],
    [
      719.8143523143523,
      340.2579087579088
    ],
    [
      740.0288045288045,
      458.65684315684325
    ]
  ],
  "10.jpg": [
    [
      581.2009657009656,
      307.04845154845157
    ],
    [
      584.0887445887446,
      347.47735597735607
    ],
    [
      591.3081918081917,
      412.45238095238096
    ],
    [
      592.7520812520812,
      438.44239094239094
    ],
    [
      634.6248751248751,
      318.59956709956714
    ],
    [
      631.7370962370964,
      445.6618381618382
    ]
  ],
  "11.jpg": [
    [
      965.2755577755578,
      282.50233100233106
    ],
    [
      966.7194472194473,
      327.2629037629039
    ],
    [
      971.0511155511155,
      392.23792873792877
    ],
    [
      972.4950049950049,
      419.6718281718282
    ],
    [
      843.9888444888444,
      314.2678987678988
    ],
    [
      856.9838494838494,
      438.44239094239094
    ]
  ],
  "12.jpg": [
    [
      1139.9861804861803,
      279.6145521145522
    ],
    [
      1145.7617382617382,
      324.3751248751249
    ],
    [
      1147.2056277056276,
      390.7940392940394
    ],
    [
      1147.2056277056276,
      416.7840492840494
    ],
    [
      1036.0261405261404,
      309.9362304362305
    ],
    [
      1046.1333666333667,
      429.7790542790543
    ]
  ],
  "13.jpg": [
    [
      797.7843822843823,
      268.06343656343665
    ],
    [
      797.7843822843823,
      309.9362304362305
    ],
    [
      796.3404928404929,
      373.46736596736605
    ],
    [
      796.3404928404929,
      399.45737595737603
    ],
    [
      702.487678987679,
      307.04845154845157
    ],
    [
      711.1510156510157,
      426.8912753912755
    ]
  ],
  "14.jpg": [
    [
      861.3155178155179,
      289.7217782217783
    ],
    [
      861.3155178155179,
      333.03846153846155
    ],
    [
      859.8716283716284,
      400.9012654012655
    ],
    [
      859.8716283716284,
      429.7790542790543
    ],
    [
      780.4577089577089,
      328.70679320679324
    ],
    [
      781.9015984015983,
      455.7690642690643
    ]
  ],
  "15.jpg": [
    [
      994.1533466533466,
      298.38511488511494
    ],
    [
      995.5972360972361,
      344.5895770895771
    ],
    [
      998.485014985015,
      415.3401598401599
    ],
    [
      998.485014985015,
      441.3301698301699
    ],
    [
      917.627206127206,
      346.0334665334666
    ],
    [
      929.1783216783216,
      474.53962703962713
    ]
  ],
  "16.jpg": [
    [
      1038.9139194139193,
      292.60955710955716
    ],
    [
      1040.3578088578088,
      337.37012987013
    ],
    [
      1040.3578088578088,
      406.6768231768233
    ],
    [
      1040.3578088578088,
      432.66683316683327
    ],
    [
      1008.5922410922411,
      344.5895770895771
    ],
    [
      1021.5872460872462,
      471.6518481518482
    ]
  ],
  "17.jpg": [
    [
      1028.8066933066934,
      539.514652014652
    ],
    [
      1030.250582750583,
      585.7191142191143
    ],
    [
      1031.6944721944724,
      650.6941391941392
    ],
    [
      1028.8066933066934,
      678.1280386280387
    ],
    [
      903.1883116883117,
      559.7291042291043
    ],
    [
      908.9638694638694,
      685.3474858474859
    ]
  ],
  "18.jpg": [
    [
      1132.7667332667334,
      296.94122544122547
    ],
    [
      1139.9861804861803,
      340.2579087579088
    ],
    [
      1144.3178488178487,
      402.34515484515487
    ],
    [
      1147.2056277056276,
      428.33516483516485
    ],
    [
      1118.3278388278386,
      340.2579087579088
    ],
    [
      1128.435064935065,
      462.98851148851156
    ]
  ],
  "19.jpg": [
    [
      927.7344322344321,
      315.7117882117883
    ],
    [
      927.7344322344321,
      361.9162504162505
    ],
    [
      930.6222111222111,
      434.11072261072263
    ],
    [
      926.2905427905429,
      462.98851148851156
    ],
    [
      926.2905427905429,
      373.46736596736605
    ],
    [
      933.50999000999,
      497.64185814185817
    ]
  ],
  "20.jpg": [
    [
      663.5026640026639,
      309.9362304362305
    ],
    [
      667.8343323343323,
      354.6968031968032
    ],
    [
      672.1660006660007,
      421.1157176157177
    ],
    [
      673.6098901098902,
      449.9935064935065
    ],
    [
      740.0288045288045,
      353.25291375291386
    ],
    [
      741.472693972694,
      478.87129537129545
    ]
  ]
}