{
  "01.jpg": [
    [
      1073.5672660672662,
      272.39510489510496
    ],
    [
      1072.1233766233768,
      321.4873459873461
    ],
    [
      1073.5672660672662,
      395.1257076257077
    ],
    [
      1072.1233766233768,
      424.00349650349654
    ],
    [
      1384.0034965034965,
      359.02847152847164
    ],
    [
      1384.0034965034965,
      500.5296370296371
    ]
  ],
  "02.jpg": [
    [
      1238.1706626706628,
      288.27788877788885
    ],
    [
      1242.5023310023312,
      340.2579087579088
    ],
    [
      1242.5023310023312,
      418.22793872793875
    ],
    [
      1239.6145521145522,
      447.1057276057277
    ],
    [
      1547.1630036630036,
      344.5895770895771
    ],
    [
      1547.1630036630036,
      488.97852147852154
    ]
  ],
  "03.jpg": [
    [
      1434.5396270396268,
      269.507326007326
    ],
    [
      1433.0957375957378,
      325.8190143190144
    ],
    [
      1430.2079587079588,
      409.5646020646021
    ],
    [
      1427.3201798201799,
      441.3301698301699
    ],
    [
      1590.479686979687,
      356.1406926406927
    ],
    [
      1590.479686979687,
      494.75407925407933
    ]
  ],
  "04.jpg": [
    [
      1102.4450549450548,
      348.92124542124543
    ],
    [
      1105.3328338328338,
      396.5695970695971
    ],
    [
      1108.2206127206127,
      467.3201798201799
    ],
    [
      1106.7767232767233,
      496.1979686979688
    ],
    [
      1228.0634365634364,
      346.0334665334666
    ],
    [
      1223.731768231768,
      475.9835164835165
    ]
  ],
  "05.jpg": [
    [
      1030.250582750583,
      594.3824508824509
    ],
    [
      1034.5822510822509,
      639.1430236430236
    ],
    [
      1043.2455877455877,
      709.8936063936064
    ],
    [
      1044.6894771894772,
      737.3275058275059
    ],
    [
      1158.7567432567434,
      605.9335664335665
    ],
    [
      1155.8689643689645,
      740.2152847152847
    ]
  ],
  "06.jpg": [
    [
      1365.2329337329338,
      665.1330336330337
    ],
    [
      1368.1207126207128,
      717.1130536130537
    ],
    [
      1371.0084915084917,
      792.1953046953047
    ],
    [
      1366.6768231768233,
      821.0730935730936
    ],
    [
      1629.4647019647018,
      751.7664002664003
    ],
    [
      1628.0208125208123,
      900.487012987013
    ]
  ],
  "07.jpg": [
    [
      1238.1706626706628,
      390.7940392940394
    ],
    [
      1236.7267732267733,
      436.9985014985016
    ],
    [
      1241.0584415584417,
      501.9735264735265
    ],
    [
      1238.1706626706628,
      527.9635364635366
    ],
    [
      1282.9312354312356,
      309.9362304362305
    ],
    [
      1281.487345987346,
      436.9985014985016
    ]
  ],
  "08.jpg": [
    [
      1098.1133866133864,
      357.58458208458217
    ],
    [
      1099.5572760572759,
      403.78904428904434
    ],
    [
      1105.3328338328338,
      470.2079587079587
    ],
    [
      1103.8889443889443,
      497.64185814185817
    ],
    [
      1180.4150849150851,
      305.6045621045622
    ],
    [
      1164.532301032301,
      432.66683316683327
    ]
  ],
  "09.jpg": [
    [
      1112.5522810522812,
      348.92124542124543
    ],
    [
      1113.9961704961706,
      406.6768231768233
    ],
    [
      1124.1033966033965,
      494.75407925407933
    ],
    [
      1124.1033966033965,
      527.9635364635366
    ],
    [
      1199.1856476856478,
      373.46736596736605
    ],
    [
      1206.4050949050948,
      533.7390942390942
    ]
  ],
  "10.jpg": [
    [
      1274.2678987678987,
      321.4873459873461
    ],
    [
      1277.1556776556777,
      383.57459207459215
    ],
    [
      1290.1506826506825,
      481.7590742590743
    ],
    [
      1293.0384615384614,
      523.6318681318681
    ],
    [
      1394.1107226107224,
      348.92124542124543
    ],
    [
      1389.7790542790544,
      529.4074259074259
    ]
  ],
  "11.jpg": [
    [
      1258.385114885115,
      268.06343656343665
    ],
    [
      1254.0534465534465,
      314.2678987678988
    ],
    [
      1246.8339993339991,
      386.462370962371
    ],
    [
      1245.3901098901097,
      413.89627039627044
    ],
    [
      1118.3278388278386,
      292.60955710955716
    ],
    [
      1119.771728271728,
      436.9985014985016
    ]
  ],
  "12.jpg": [
    [
      1145.7617382617382,
      273.83899433899444
    ],
    [
      1144.3178488178487,
      314.2678987678988
    ],
    [
      1142.8739593739592,
      373.46736596736605
    ],
    [
      1141.4300699300697,
      399.45737595737603
    ],
    [
      1010.0361305361306,
      286.8339993339994
    ],
    [
      1011.4800199800201,
      412.45238095238096
    ]
  ],
  "13.jpg": [
    [
      1040.3578088578088,
      221.85897435897436
    ],
    [
      1038.9139194139193,
      278.17066267066275
    ],
    [
      1037.4700299700298,
      357.58458208458217
    ],
    [
      1038.9139194139193,
      389.35014985014993
    ],
    [
      812.2232767232766,
      256.5123210123211
    ],
    [
      809.3354978354979,
      421.1157176157177
    ]
  ],
  "14.jpg": [
    [
      1483.631868131868,
      285.3901098901099
    ],
    [
      1479.3001998001996,
      333.03846153846155
    ],
    [
      1470.6368631368632,
      411.0084915084916
    ],
    [
      1469.1929736929737,
      439.8862803862804
    ],
    [
      1277.1556776556777,
      312.82400932400935
    ],
    [
      1264.1606726606728,
      470.2079587079587
    ]
  ],
  "15.jpg": [
    [
      1590.479686979687,
      307.04845154845157
    ],
    [
      1589.0357975357974,
      354.6968031968032
    ],
    [
      1583.2602397602395,
      421.1157176157177
    ],
    [
      1581.8163503163505,
      449.9935064935065
    ],
    [
      1411.437395937396,
      344.5895770895771
    ],
    [
      1407.1057276057277,
      480.3151848151849
    ]
  ],
  "16.jpg": [
    [
      1444.6468531468531,
      295.4973359973361
    ],
    [
      1441.7590742590742,
      338.81401931401933
    ],
    [
      1438.8712953712952,
      406.6768231768233
    ],
    [
      1438.8712953712952,
      431.2229437229438
    ],
    [
      1222.287878787879,
      334.482350982351
    ],
    [
      1220.8439893439895,
      462.98851148851156
    ]
  ],
  "17.jpg": [
    [
      1448.9785214785215,
      536.6268731268732
    ],
    [
      1450.422410922411,
      579.9435564435565
    ],
    [
      1446.0907425907426,
      647.8063603063604
    ],
    [
      1447.534632034632,
      672.3524808524809
    ],
    [
      1216.512321012321,
      571.2802197802198
    ],
    [
      1220.8439893439895,
      702.6741591741592
    ]
  ],
  "18.jpg": [
    [
      1096.669497169497,
      283.94622044622054
    ],
    [
      1098.1133866133864,
      325.8190143190144
    ],
    [
      1093.7817182817184,
      386.462370962371
    ],
    [
      1092.337828837829,
      412.45238095238096
    ],
    [
      913.2955377955378,
      321.4873459873461
    ],
    [
      924.8466533466534,
      438.44239094239094
    ]
  ],
  "19.jpg": [
    [
      1828.7214452214453,
      340.2579087579088
    ],
    [
      1825.8336663336663,
      387.90626040626046
    ],
    [
      1814.2825507825505,
      454.3251748251748
    ],
    [
      1811.3947718947716,
      484.64685314685323
    ],
    [
      1568.8213453213452,
      376.3551448551449
    ],
    [
      1564.4896769896768,
      512.0807525807527
    ]
  ],
  "20.jpg": [
    [
      1639.5719280719281,
      302.71678321678326
    ],
    [
      1632.3524808524808,
      364.8040293040293
    ],
    [
      1622.2452547452544,
      448.54961704961715
    ],
    [
      1617.9135864135865,
      484.64685314685323
    ],
    [
      1320.472360972361,
      344.5895770895771
    ],
    [
      1332.0234765234763,
      501.9735264735265
    ]
  ]
}